{
  "llama3.2": {
    "baseline": {
      "bleu": {
        "mean": 0.011787703107046382,
        "std": 0.006443134390606557,
        "ci_lower": 0.010333723197825708,
        "ci_upper": 0.013241683016267056,
        "margin_of_error": 0.0014539799092206734,
        "n": 55
      },
      "rouge1": {
        "mean": 0.16727283157748984,
        "std": 0.047041791434606746,
        "ci_lower": 0.15665721881929803,
        "ci_upper": 0.17788844433568166,
        "margin_of_error": 0.010615612758191808,
        "n": 55
      },
      "rouge2": {
        "mean": 0.04175297047829035,
        "std": 0.01604207390099733,
        "ci_lower": 0.03813286080181228,
        "ci_upper": 0.04537308015476842,
        "margin_of_error": 0.00362010967647807,
        "n": 55
      },
      "rougeL": {
        "mean": 0.10541383207781703,
        "std": 0.02705372574648195,
        "ci_lower": 0.09930879510042631,
        "ci_upper": 0.11151886905520775,
        "margin_of_error": 0.006105036977390715,
        "n": 55
      },
      "bert_precision": {
        "mean": 0.4585568585179069,
        "std": 0.03357872181768615,
        "ci_lower": 0.45097936844236164,
        "ci_upper": 0.46613434859345215,
        "margin_of_error": 0.007577490075545261,
        "n": 55
      },
      "bert_recall": {
        "mean": 0.5872177037325772,
        "std": 0.040227134543718714,
        "ci_lower": 0.5781399099312627,
        "ci_upper": 0.5962954975338917,
        "margin_of_error": 0.009077793801314417,
        "n": 55
      },
      "bert_f1": {
        "mean": 0.51468139778484,
        "std": 0.03495196203647351,
        "ci_lower": 0.5067940175894237,
        "ci_upper": 0.5225687779802564,
        "margin_of_error": 0.007887380195416353,
        "n": 55
      }
    },
    "rag": {
      "bleu": {
        "mean": 0.18945085671010356,
        "std": 0.097723001598492,
        "ci_lower": 0.1673983474220626,
        "ci_upper": 0.2115033659981445,
        "margin_of_error": 0.022052509288040943,
        "n": 55
      },
      "rouge1": {
        "mean": 0.4832505227503346,
        "std": 0.1586157332364396,
        "ci_lower": 0.44745674980834604,
        "ci_upper": 0.5190442956923231,
        "margin_of_error": 0.035793772941988565,
        "n": 55
      },
      "rouge2": {
        "mean": 0.32128394518556874,
        "std": 0.12943322659714668,
        "ci_lower": 0.29207559725288784,
        "ci_upper": 0.35049229311824964,
        "margin_of_error": 0.02920834793268089,
        "n": 55
      },
      "rougeL": {
        "mean": 0.39831916917030663,
        "std": 0.15057499340564245,
        "ci_lower": 0.36433989728642013,
        "ci_upper": 0.4322984410541931,
        "margin_of_error": 0.03397927188388649,
        "n": 55
      },
      "bert_precision": {
        "mean": 0.5978718465024775,
        "std": 0.07914651819592652,
        "ci_lower": 0.5800113704724544,
        "ci_upper": 0.6157323225325005,
        "margin_of_error": 0.017860476030023057,
        "n": 55
      },
      "bert_recall": {
        "mean": 0.734999354319139,
        "std": 0.07465937671466721,
        "ci_lower": 0.7181514620981846,
        "ci_upper": 0.7518472465400934,
        "margin_of_error": 0.016847892220954386,
        "n": 55
      },
      "bert_f1": {
        "mean": 0.6587088211016221,
        "std": 0.07536655015635865,
        "ci_lower": 0.6417013456849404,
        "ci_upper": 0.6757162965183038,
        "margin_of_error": 0.017007475416681735,
        "n": 55
      }
    }
  }
}