model,bleu_baseline,bleu_rag,bleu_improvement_%,rouge1_baseline,rouge1_rag,rouge1_improvement_%,rouge2_baseline,rouge2_rag,rouge2_improvement_%,rougeL_baseline,rougeL_rag,rougeL_improvement_%,bert_precision_baseline,bert_precision_rag,bert_precision_improvement_%,bert_recall_baseline,bert_recall_rag,bert_recall_improvement_%,bert_f1_baseline,bert_f1_rag,bert_f1_improvement_%,nli_baseline,nli_rag,nli_improvement_%
llama3.2,0.011787703107046382,0.18945085671010356,1507.190603543915,0.16727283157748984,0.4832505227503346,188.89958888898627,0.04175297047829035,0.32128394518556874,669.4876352632725,0.10541383207781703,0.39831916917030663,277.8623367721471,0.4585568585179069,0.5978718465024775,30.381180740562463,0.5872177037325772,0.734999354319139,25.166416074857057,0.51468139778484,0.6587088211016221,27.983802005797777,0.39715216539122844,0.5923951046033339,49.16073893737295
